<?xml version="1.0" encoding="utf-8"?>
<productData>
   <dependsOn>
      <component>
         <name>MatPET_HPLC</name>
         <locale/>
         <platformList>
            <platform>glnxa64</platform>
            <platform>maci64</platform>
            <platform>win32</platform>
            <platform>win64</platform>
         </platformList>
         <version>1.0</version>
      </component>
   </dependsOn>
   <installerUsage>
      <usage>mcr</usage>
   </installerUsage>
   <isControllingProduct>true</isControllingProduct>
   <platformList>
      <platform>glnxa64</platform>
      <platform>maci64</platform>
      <platform>win32</platform>
      <platform>win64</platform>
   </platformList>
   <productName>MatPET_HPLC</productName>
   <productNumber>5000</productNumber>
   <productBaseCode>MatPET_HPLC</productBaseCode>
   <productVersion>1.0</productVersion>
   <releaseFamily>R2019a</releaseFamily>
   <releaseDescription>R2019a</releaseDescription>
   <requiredProducts/>
</productData>