<?xml version="1.0" encoding="utf-8"?>
<productAdditionalComps>
   <dependsOn>
      <component>
         <name>MatPET_HPLC</name>
         <locale/>
         <platformList>
            <platform>maci64</platform>
         </platformList>
         <version>1.0</version>
      </component>
   </dependsOn>
   <isControllingProduct>true</isControllingProduct>
   <platform>maci64</platform>
   <productName>MatPET_HPLC</productName>
   <productNumber>5000</productNumber>
   <productBaseCode>MatPET_HPLC</productBaseCode>
   <productVersion>1.0</productVersion>
   <releaseFamily>R2019a</releaseFamily>
   <releaseDescription>R2019a</releaseDescription>
</productAdditionalComps>